Posició;Títol;Subreddit;Autor;Vots;Enllaç
1;Trump to impose 50% additional tariffs on China if they do not withdraw its 34% by April 8th.;StockMarket;RoyalChris;23903;https://i.redd.it/78sqwqccjfte1.png
2;Wingo Internet Deal! 🚀 Surfen mit bis zu 1 Gbit/s. Jetzt nur 49.95/Mt.;u_wingo-ch;wingo-ch;0;https://alb.reddit.com/cr?za=UksJga7zW0BnRrDD9Oi5dXhdGtCzrgsW-d--5DA42zXHnuKMOTl16vgbv5CZskvG5ZH_eIzXwbVSAdTvq_xDam2nj38WEuK_S0GgU6d4A6JgeSjRuO0XZiIoSf_kbiirI66BgjqQ-zvcbUVw08l7M36Yr68-sdEh2TRcZWvWZIZA2eNBLgWOvtJ6LIoRT6A5QLVyDF2Tx17pDwLfF3wSVZ4oy8RUsGdtJuf7AxJVpTnSL3XkfmQthlXAEY6D6cwv0jTYQ1VniqQK6P5C9IgBYYIzMd4zOlAVdPlwoCawgz1f3G8T-GzYlhUs7j0b75oj1Sm6E-tchCKX0fzV0vTmDIkgwQCUIWMMld--zHjSSiKzPDu8f1wuo10AfwxfEYsM7lFMq9Eb00EIkfooMvgy4FwdmtnwVJfYyezFcLvNM3bEEaBmI6ss8ZSueKgq6zjfFOvsmWuY5Wufzvl1AICdGR1HJ8uwfpjstPHjGTJujwSzqcFzqu8FB8swfk08DHWvMqsDPoB-hyMALmlxNXy67FtrhsY3-TbqXh1ZLmrrn5WLEUVPIlaxV2c1SLpFNdA8dvCFgA&zp=-uuFwdDJCP3XW0SNTO08NrkU9SoZ3fGuDvLmz6TD18JhrYIADAEkG2jm7L3-PrSUHcixI0hsmJPHAvaBERpoBPT98oQ1BvFAf4ouOLUpLCV5-eTB9N5y-sKX_JhEgEdEmhBkyaf3agDutVhVk4l0IjJp3A__l1NZ3GdH73qhwxiBSfWBQ0zCjilz-JjOVTD0yyySXZcshK1No2yZkylfVn8c7JOkbgErqdQpiLOrqJtlCMcAQbB8sledelpEd9Y9jxBrJuVYdzm3ctDnCO77ygWGA1QsAO0749Ptv_xk2CaGBtizKu_hGBRnrWrA-1bYxbBLpqKMEiad_f4PwjEQwgfdbMeVor-mWFO8vbsH1h7S4_WwR6lnIn49LcB3BdmJ4fjTcVV_kIFXSe1Fl7gO3K1ZST4SQ_I__w16G1Ykck6LMG93fhXJFMfbs7ELOh7ve3-efsspZ5JwiJn8jGzVjDSnky7vbq5X4_K3rqyCv53D1QNi14fxz3WdlQ
3;Shot of a lifetime, captured from a car window;nextfuckinglevel;solateor;49826;https://v.redd.it/hm34sgm2zite1
4;Elon Musk gets trolled while attempting to live stream Path of Exile 2 from his private jet on April 5, 2025;Fauxmoi;bipartisanic;45033;https://v.redd.it/oauuwxojgite1
5;Trump Orders Four Mile Military Parade for his 79th Birthday;politics;Ok-Direction-4480;33447;https://www.thedailybeast.com/trump-orders-four-mile-military-parade-for-his-79th-birthday/
6;The Game?;ExplainTheJoke;Lil_Hypotenuse;27188;https://i.redd.it/s79ex0e21gte1.jpeg
7;What’s the first US city that comes to mind that you would never step foot in again?;geography;tyvertyvertyvertyver;2238;https://i.redd.it/duov9gguqite1.jpeg
8;Elon Musk gets trolled while live streaming Path of Exile 2 from his fucking private jet on April 5, 2025;chaoticgood;RoyalChris;13823;https://v.redd.it/yf55rrjbyite1
9;Unpopular opinion: I miss when games let you be a little lost.;gaming;itswickedbby;21309;https://www.reddit.com/r/gaming/comments/1jtlku6/unpopular_opinion_i_miss_when_games_let_you_be_a/
10;Humbling reminder sign posted on a cemetery gate;Damnthatsinteresting;Insightful23blue;7656;https://i.redd.it/sfcaov7aljte1.jpeg
11;should i adopt? which one?;cats;Ashupatotie;17762;https://www.reddit.com/gallery/1jtn54z
12;A short summary of the craziness that happened in the market today;wallstreetbets;freakedmind;49779;https://www.reddit.com/r/wallstreetbets/comments/1jtohbt/a_short_summary_of_the_craziness_that_happened_in/
13;[Post Game Thread] #1 Florida defeats #1 Houston, 65-63;CollegeBasketball;cbbBot;2160;https://www.reddit.com/r/CollegeBasketball/comments/1ju3wwd/post_game_thread_1_florida_defeats_1_houston_6563/
14;Im Jahr 2010 konnte man mit 1 Bitcoin eine Pizza kaufen. Im Jahr 2025 kann man sich davon ein Auto kaufen. Was kommt als Nächstes? Warte nicht ab, um es herauszufinden. Kaufe noch heute Bitcoin mit Relai.;u_relaiapp;relaiapp;1;https://alb.reddit.com/cr?za=sQ_vP8JLAyJGX_2hlMy4XOu9_1hg7FS06aujoA8uuza-qGlOHoZjvwAjKSvjVXq9wXfsxMHk4G6IzcIygj9fDwaMC5DfwW9TMNT8WH0WSMtoRxfzCkfMM2D1AhXYXCOOCuU2c4KFwjWMZtcohn1dCcL536mgw21e-kH1nJofxq9KNc6T9gsO4gbZlavXpDiyn144lEEYP7pwBBFvPXaqGcnduHjsMdkO5W7fECjWc10tnQmc4s2Lemq3j-9quu3P8kv7LKtfEgd266gnXZYra2-cWA0qiVr3jPxoFY3RlbsfbouV8q6ZLCnFzNUAxj7J65HwEfdpbvhL9QdjnIiA5LVMHfuWAESqIoMQvSKB1lwomc8POBoQCmGh2szJIOdNGffF1QXnv15cnuS0KReSiCjeq7IEGnLJDaM01oQqv1Q6ZrNgohPw3PnfavqxbFKNHkhzyavzHz6fJFIRSPgX35JXcX0uw1NxKXPopYwXXOJi0Ha_MXMOz-sYXtK6ci3cO9_arpNqMfx0O1mHeLtCRnGz9H2w6tTs5iA7VUYa4cNu57twHrQ16PYYrDimdfvIPQ-FBFHu0A&zp=VQkRv6imbOtnnnRgeYCTdivlADY6aYXVmrfR5qgNaR6kzEXdVdAadEcBf31MzubT9Zfdg51O0nRUCI5P0Vc7ofcxjYZbT1w41RJ-agDSKfjea6EteZDvXj016_IElrfK3cmDT4vaMggStHLJmu00V_tI_QFza-duRu6esFSSKJpVifEJACsizVLqW5v4AbyQ3xXeWIy-hXzLGFWdvAadly2_y45n8-UkRIjacm1uzPgsTMOHX3tQ6DwMyWgj6sko93AoDvnrtscS2eO8B-MkKYrzRymvZqVHE4rZXSgHjsUGYdff029RG9oAgbX2-pVgtA65pXBf_6cmo2OFdZdnDxpwVDIUS6gA7DEqVF_SmLwJ1tykNMCxxJy-blnp
15;He Walked Out Looking 20 Years Younger;BeAmazed;OkToday1443;20757;https://v.redd.it/kk2yyyt7qite1
16;The Congressman of Youngstown refused to hold a town hall. Tim Walz took it upon himself and made sure their voices were heard anyway.;goodnews;RoyalChris;24078;https://v.redd.it/k5ve0sb2eite1
17;Trump says China will be hit with an additional 50% tariff on top of existing tariffs if they don't withdraw their 34% retaliatory tariff;stocks;Fidler_2K;16432;https://www.reddit.com/r/stocks/comments/1jtnw6w/trump_says_china_will_be_hit_with_an_additional/
18;Trump is rejecting the European Union’s offer of “zero-for-zero” tariffs with the U.S. for industrial goods.;europe;BudSpencerCA;29049;https://www.cnbc.com/2025/04/07/trump-tariffs-live-updates-stock-market-crypto.html
19;Tariff Surcharge Line Item;Anticonsumption;ProperMod;44939;https://i.redd.it/8nz6kovfwete1.png
20;Was life 10 years ago better to you then now?;NoStupidQuestions;SparksofJoyandhope;3988;https://www.reddit.com/r/NoStupidQuestions/comments/1jtqv01/was_life_10_years_ago_better_to_you_then_now/
21;Well I just realized what this meant after 10 years;funny;Fit_Bite_2030;11733;https://i.redd.it/wezcsudtuite1.jpeg
22;Germany looking to withdraw its gold from the US;worldnews;Gammanomics;52115;https://www.mining.com/germany-may-look-to-withdraw-its-gold-from-us-vaults/
23;President Trump claims, ‘Our country was the strongest, believe it or not, from 1870 to 1913’—a time when robber barons dominated the economy, workplaces were dangerous, child labor was widespread, wages were low, and working hours often ranged from 10 to 12 per day.;thescoop;CorleoneBaloney;14871;https://v.redd.it/7uyja3sxbhte1
24;"CNN: ""America has lost its appetite for casual dining chains.""";Anticonsumption;09232022;15315;https://amp.cnn.com/cnn/2025/04/04/business/hooters-red-lobster-tgi-fridays
25;I’ve wanted an orange boy for years. Best name in the comments wins.;OneOrangeBraincell;get_pickled_loser;19846;https://i.redd.it/4xsy6jxhpfte1.jpeg
26;Investors: keep track of how your investments are performing with Sharesight portfolio tracker. Make it easier to see the true performance of your stocks, ETFs, dividends, trades & more that your broker doesn't show. Start your free trial of Sharesight today 📈;u_sharesight;sharesight;2;https://alb.reddit.com/cr?za=HTexS6sad7ndJkvuUDAf8_CU4q4L0KQi4Xljatp5T9YFLc9ZMka81ia0YGnuyWJb4k-i8xFYDOl8feuUU7zaUARQ_qU7ONFvNFLAeywk_ODqY8bOLcLE9htghoMJ3cznzytQK66LkWOe-4_snlPkZ80lKLY4KxyCNAEjfmqei4hj2WnzgPN_ltMZtFhaH-WRDqyC1qZQHf8cf4fdqe7Y2XREoQkIJEUSfvZCfT4SXn8d4I8zeccnb4Hwg96atkXSF5ezFF4yPgiSjoUPIUNAHVaMKaNh5bOXYLitA-uZEXN77j9frvBS_MaSCr2AZIdTLozTkKXeKlh2p7ToF_kdSTXFG7vDA7JB9CcSsvew0OCLLHQNJPqILLenqJ_fsd9ff13-hxS-Diy80MeWlzz5XXCOMQIAIxEonlmh75Ye-89QfLzbhludL87uKghdrL6t1C83eHVEYpQ_Sl_HTYbbraDrDo9mkDjo87rQMctmZMBO5V-7qG2uNdeQEF9Ahe00B3IKFLAuMOx8LPPPjbBJjLyKRH-oPWzFFp52ttJ6kv8ne1RPGSwh3R-slJwlVfgEMQbY&zp=tB_Sf4HD_8jwiT9R7XbNGly0WOFnFE71JrbZIDnIC-z6t2vuogBb2ZgveVFPm3HZ6WvnlhaXmvaoL1cJbAE1JowG_nS3Glo0aMWQruygSYHkcoBzwwoTx8MRQSYdhOa3a9eEhnmGv7LYPWK3pLzbPAThoVHs9u7sIFjPlaiyMiNuMExIgT1wt-Rsikb5bEaoQ9AFhkIh7VRuCiIFXSq_pROtE_HrM5jew4pdiEfTOKi5-SPj0DztN87UYEQlvlw0deP2gCaTVxOfo-iiZN0dZWgftZ_mdjb7myENwPImOG0QoTqvvFtxqUua6wdiOfGp01TgXSuBDnvU0PLUtTITOBZ17wE9VRAW5gMV_757
27;60 Years married;OldSchoolCool;AlwaysSunnyinOC22;10195;https://www.reddit.com/gallery/1ju2u7s
28;The Dodgers Didn’t Just Visit the White House—They Stood with Fascism;popculture;Parking_Truck1403;29362;https://i.redd.it/j0wz5wmmhgte1.jpeg
